{"bottomLeft": 0.9797325832706518, "bottomRight": 0.9136489519647598, "bottomMiddle": 0.49511903550898506, "middleLeft": 0.2681529345702348, "middleRight": 0.7197432049880407, "middleMiddle": 0.932992208613432, "topLeft": 0.49296754068684945, "topRight": 0.7141749883913164, "topMiddle": 0.9566106855766583}