{"bottomLeft": 0.680283198252854, "bottomRight": 0.19820301156242992, "bottomMiddle": 0.0031575783299028215, "middleLeft": 0.12770526648515435, "middleRight": 0.9907614329750921, "middleMiddle": 0.558708125590798, "topLeft": 0.36437667932223994, "topRight": 0.06819971454976204, "topMiddle": 0.26867859864286336}