{"bottomLeft": 0.482013167871685, "bottomRight": 0.6362811072829023, "bottomMiddle": 0.5041507626347027, "middleLeft": 0.634174478985331, "middleRight": 0.37920625349669845, "middleMiddle": 0.214184007964349, "topLeft": 0.7171559739203559, "topRight": 0.7562186002404361, "topMiddle": 0.2905301868650422}